{"cameraMode":{"drawMode":0,"name":"Shaded","section":"Shading Mode"},"sceneLighting":false,"audioPlay":false,"sceneViewState":{"m_AlwaysRefresh":false,"showFog":true,"showSkybox":false,"showFlares":true,"showImageEffects":true,"showParticleSystems":true,"showVisualEffectGraphs":true,"m_FxEnabled":true},"in2DMode":false,"pivot":{"x":-0.09999847412109375,"y":1.363999843597412,"z":1.8000030517578126},"rotation":{"x":0.21516309678554536,"y":-0.022845454514026643,"z":0.00504196435213089,"w":0.9763069152832031},"size":141.4998016357422,"orthographic":false}