{"cameraMode":{"drawMode":0,"name":"Shaded","section":"Shading Mode"},"sceneLighting":true,"audioPlay":false,"sceneViewState":{"m_AlwaysRefresh":false,"showFog":true,"showSkybox":false,"showFlares":true,"showImageEffects":true,"showParticleSystems":true,"showVisualEffectGraphs":true,"m_FxEnabled":true},"in2DMode":false,"pivot":{"x":2.5537493228912355,"y":0.03792715072631836,"z":0.2912173271179199},"rotation":{"x":0.5064589381217957,"y":-0.024571547284722329,"z":0.014440424740314484,"w":0.8617972731590271},"size":4.693032741546631,"orthographic":false}