{"cameraMode":{"drawMode":0,"name":"Shaded","section":"Shading Mode"},"sceneLighting":false,"audioPlay":false,"sceneViewState":{"m_AlwaysRefresh":false,"showFog":true,"showSkybox":false,"showFlares":true,"showImageEffects":true,"showParticleSystems":true,"showVisualEffectGraphs":true,"m_FxEnabled":true},"in2DMode":false,"pivot":{"x":-0.19693529605865479,"y":-0.21364879608154298,"z":-0.766442060470581},"rotation":{"x":0.00439421646296978,"y":-0.9871044754981995,"z":0.15769557654857636,"w":0.027547262609004976},"size":1.6382482051849366,"orthographic":false}