{"cameraMode":{"drawMode":0,"name":"Shaded","section":"Shading Mode"},"sceneLighting":false,"audioPlay":false,"sceneViewState":{"m_AlwaysRefresh":false,"showFog":true,"showSkybox":false,"showFlares":true,"showImageEffects":true,"showParticleSystems":true,"showVisualEffectGraphs":true,"m_FxEnabled":true},"in2DMode":false,"pivot":{"x":-10.270000457763672,"y":0.19999998807907105,"z":-17.770000457763673},"rotation":{"x":0.38533729314804079,"y":-0.10703647881746292,"z":0.04506273940205574,"w":0.9154478311538696},"size":1.5671629905700684,"orthographic":false}