{"cameraMode":{"drawMode":0,"name":"Shaded","section":"Shading Mode"},"sceneLighting":false,"audioPlay":false,"sceneViewState":{"m_AlwaysRefresh":false,"showFog":true,"showSkybox":false,"showFlares":true,"showImageEffects":true,"showParticleSystems":true,"showVisualEffectGraphs":true,"m_FxEnabled":true},"in2DMode":false,"pivot":{"x":-0.16193272173404694,"y":-1.055101752281189,"z":-0.9034386277198792},"rotation":{"x":0.3492452800273895,"y":0.0735495463013649,"z":-0.027499647811055185,"w":0.9337422847747803},"size":2.7664384841918947,"orthographic":false}